date,seed,suggestion
2026-06-04,авиабилеты для,авиабилеты для визы
2026-06-04,авиабилеты для,авиабилеты для многодетных
2026-06-04,авиабилеты для,авиабилеты для детей до 12 лет
2026-06-04,авиабилеты для,авиабилеты для инвалидов 3 группы
2026-06-04,авиабилеты для,авиабилеты для детей до 5 лет
2026-06-04,авиабилеты для,авиабилеты для пенсионеров
2026-06-04,авиабилеты для,авиабилеты для студентов
2026-06-04,авиабилеты для,авиабилеты для участников сво
2026-06-04,авиабилеты для,авиабилеты для молодежи
2026-06-04,авиабилеты для,авиабилеты для юр лиц
2026-06-04,авиабилеты для,авиабилеты для многодетных семей
2026-06-04,авиабилеты для,авиабилеты для инвалидов 2 группы
2026-06-04,авиабилеты для,авиабилеты для инвалидов 1 группы
2026-06-04,авиабилеты для,авиабилеты для детей в казахстане
2026-06-04,авиабилеты для,авиабилеты для детей инвалидов
2026-06-04,авиабилеты минск,авиабилеты минск москва
2026-06-04,авиабилеты минск,авиабилеты минск батуми
2026-06-04,авиабилеты минск,авиабилеты минск стамбул
2026-06-04,авиабилеты минск,авиабилеты минск калининград
2026-06-04,авиабилеты минск,авиабилеты минск питер
2026-06-04,авиабилеты минск,авиабилеты минск тбилиси
2026-06-04,авиабилеты минск,авиабилеты минск грузия
2026-06-04,авиабилеты минск,авиабилеты минск сочи
2026-06-04,авиабилеты минск,авиабилеты минск ташкент
2026-06-04,авиабилеты минск,авиабилеты минск ереван
2026-06-04,авиабилеты минск,авиабилеты минск баку
2026-06-04,авиабилеты минск,авиабилеты минск дубай
2026-06-04,авиабилеты минск,авиабилеты минск кутаиси
2026-06-04,авиабилеты минск,авиабилеты минск китай
2026-06-04,авиабилеты минск,авиабилеты минск алматы
2026-06-04,авиабилеты по,авиабилеты победа
2026-06-04,авиабилеты по,авиабилеты по европе
2026-06-04,авиабилеты по,авиабилеты победа официальный сайт купить
2026-06-04,авиабилеты по,авиабилеты польша
2026-06-04,авиабилеты по,авиабилеты победа купить
2026-06-04,авиабилеты по,авиабилеты победа официальный сайт
2026-06-04,авиабилеты по,авиабилеты подорожали
2026-06-04,авиабилеты по,авиабилеты по субсидии
2026-06-04,авиабилеты по,авиабилеты подели
2026-06-04,авиабилеты по,авиабилеты по россии
2026-06-04,авиабилеты по,авиабилеты поезд
2026-06-04,авиабилеты по,авиабилеты польша грузия
2026-06-04,авиабилеты по,авиабилеты победа спб
2026-06-04,авиабилеты по,авиабилеты по россии купить
2026-06-04,авиабилеты по,авиабилеты по скидке
2026-06-04,билеты для,билеты для сдачи в гаи беларусь
2026-06-04,билеты для,билеты для крановщиков с ответами
2026-06-04,билеты для,билеты для целевиков рб
2026-06-04,билеты для,билеты для сдачи в гаи
2026-06-04,билеты для,билеты для целевого
2026-06-04,билеты для,билеты для сдачи экзамена в гимс
2026-06-04,билеты для,билеты для экзамена в гаи
2026-06-04,билеты для,билеты для категории с
2026-06-04,билеты для,билеты для сдачи на права
2026-06-04,билеты для,билеты для сдачи на охотничий билет
2026-06-04,билеты для,билеты для целевого по биологии
2026-06-04,билеты для,билеты для сторожей рб
2026-06-04,билеты для,билеты для устного экзамена по биологии
2026-06-04,билеты для,билеты для охранника 4 разряда
2026-06-04,билеты для,билеты для визы
2026-06-04,билеты на самолет для,билеты на самолет для детей
2026-06-04,билеты на самолет для,билеты на самолет для детей до 12 лет
2026-06-04,билеты на самолет для,билеты на самолет для пенсионеров
2026-06-04,билеты на самолет для,билеты на самолет для молодежи
2026-06-04,билеты на самолет для,билеты на самолет для студентов
2026-06-04,билеты на самолет для,билеты на самолет для инвалидов
2026-06-04,билеты на самолет для,билеты на самолет для участников сво
2026-06-04,билеты на самолет для,билеты на самолет для инвалидов 1 группы
2026-06-04,билеты на самолет для,билеты на самолет для визы
2026-06-04,билеты на самолет для,билеты на самолет для детей инвалидов
2026-06-04,билеты на самолет для,билеты на самолет для детей до 2 лет
2026-06-04,билеты на самолет для,билеты на самолет для многодетных
2026-06-04,билеты на самолет для,билеты на самолет для дальневосточников
2026-06-04,билеты на самолет для,билеты на самолет для ребенка
2026-06-04,билеты на самолет для,билеты на самолет для предпенсионеров
2026-06-04,командировка в,командировка в выходной день
2026-06-04,командировка в,командировка в выходной день рб
2026-06-04,командировка в,командировка в рб
2026-06-04,командировка в,командировка в праздничный день рб
2026-06-04,командировка в,командировка в рф из рб
2026-06-04,командировка в,командировка водителя грузового автомобиля рб
2026-06-04,командировка в,командировка внутреннего совместителя рб
2026-06-04,командировка в,командировка в китай суточные
2026-06-04,командировка в,командировка в выходной день как оплачивается
2026-06-04,командировка в,командировка в рб суточные
2026-06-04,командировка в,командировка в выходной день оплата
2026-06-04,командировка в,командировка в выходной день в табеле
2026-06-04,командировка в,командировка в москву суточные
2026-06-04,командировка в,командировка в праздничный день
2026-06-04,командировка в,командировка в минск суточные
2026-06-04,командировка на,командировка на белорусском языке
2026-06-04,командировка на,командировка на английском
2026-06-04,командировка на,командировка на 1 день
2026-06-04,командировка на,командировка на служебном автомобиле
2026-06-04,командировка на,командировка на семинар
2026-06-04,командировка на,командировка на учебу
2026-06-04,командировка на,командировка на личном автомобиле рб
2026-06-04,командировка на,командировка на курсы повышения квалификации
2026-06-04,командировка на,командировка на украинском
2026-06-04,командировка на,командировка на казахском
2026-06-04,командировка на,командировка на немецком
2026-06-04,командировка на,командировка на 1 день суточные
2026-06-04,командировка на,командировка на личном автомобиле
2026-06-04,командировка на,командировка на сво
2026-06-04,командировка на,командировка на польском
2026-06-04,командировка за,командировка за границу
2026-06-04,командировка за,командировка за границу рб
2026-06-04,командировка за,командировка за границу суточные
2026-06-04,командировка за,командировка за границу суточные рб
2026-06-04,командировка за,командировка за границу в выходной день
2026-06-04,командировка за,командировка за пределы рб
2026-06-04,командировка за,командировка за границу подтверждающие документы
2026-06-04,командировка за,командировка за границу как считать суточные
2026-06-04,командировка за,командировка за счет средств
2026-06-04,командировка за,командировка за пределы страны
2026-06-04,командировка за,командировка за пределами рк
2026-06-04,командировка за,командировка за границу как оформить
2026-06-04,командировка за,командировка за счет средств что указать
2026-06-04,командировка за,командировка за счет принимающей стороны
2026-06-04,командировка за,командировка за счет принимающей стороны суточные
2026-06-04,организация командировок,организация командировок и деловых поездок
2026-06-04,организация командировок,организация командировок вакансии
2026-06-04,организация командировок,организация командировок сотрудников
2026-06-04,организация командировок,организация командировок руководителя
2026-06-04,организация командировок,организация служебных командировок
2026-06-04,организация командировок,оформление командировок рб
2026-06-04,организация командировок,оформление командировки рб
2026-06-04,организация командировок,организация командировки
2026-06-04,деловая поездка,деловая поездка это
2026-06-04,деловая поездка,деловая поездка на английском
2026-06-04,деловая поездка,деловая поездка синоним
2026-06-04,деловая поездка,деловая поездка в китай
2026-06-04,деловая поездка,деловая поездка президента
2026-06-04,деловая поездка,деловая поездка 1982 актеры
2026-06-04,деловая поездка,деловая поездка фильм
2026-06-04,деловая поездка,деловая поездка француза
2026-06-04,деловая поездка,деловая поездка перевод
2026-06-04,деловая поездка,деловая поездка в россию pdf
2026-06-04,деловая поездка,деловая поездка 1982
2026-06-04,деловая поездка,деловая поездка француза 4 буквы
2026-06-04,деловая поездка,деловая поездка президента пять букв
2026-06-04,деловая поездка,деловая поездка в россию
2026-06-04,деловая поездка,деловая поездка вышивка
2026-06-04,авиабилеты бизнес,авиабилеты бизнес класс
2026-06-04,авиабилеты бизнес,авиабилеты бизнес класс цены
2026-06-04,авиабилеты бизнес,авиабилеты бизнес класс купить
2026-06-04,авиабилеты бизнес,дешевые авиабилеты бизнес класса
2026-06-04,авиабилеты бизнес,авиабилеты москва ош бизнес класс
2026-06-04,авиабилеты бизнес,авиабилеты москва ереван бизнес класс
2026-06-04,авиабилеты бизнес,москва ташкент авиабилеты бизнес класс
2026-06-04,авиабилеты бизнес,авиабилеты москва бишкек бизнес класс
2026-06-04,авиабилеты бизнес,москва сочи авиабилеты бизнес класс
2026-06-04,авиабилеты бизнес,хабаровск москва авиабилеты бизнес класс
2026-06-04,авиабилеты бизнес,москва дубай авиабилеты бизнес класс
2026-06-04,авиабилеты бизнес,москва владивосток авиабилеты бизнес класс
2026-06-04,авиабилеты бизнес,авиабилеты москва махачкала бизнес класс
2026-06-04,авиабилеты бизнес,авиабилеты москва душанбе бизнес класс
2026-06-04,авиабилеты бизнес,москва стамбул авиабилеты бизнес класс
2026-06-04,выставка 2026,выставка 2026 минск
2026-06-04,выставка 2026,выставка 2026 москва
2026-06-04,выставка 2026,выставка 2026 астана
2026-06-04,выставка 2026,выставка 2026 в китае
2026-06-04,выставка 2026,выставка 2026 ташкент
2026-06-04,выставка 2026,выставка 2026 крокус
2026-06-04,выставка 2026,кантонская выставка 2026
2026-06-04,выставка 2026,выставка продэкспо 2026
2026-06-04,выставка 2026,выставка ладья 2026
2026-06-04,выставка 2026,выставка металлообработка 2026
2026-06-04,выставка 2026,выставка связь 2026
2026-06-04,выставка 2026,выставка нефтегаз 2026
2026-06-04,выставка 2026,выставка мосбилд 2026
2026-06-04,выставка 2026,белэкспо выставка 2026
2026-06-04,выставка 2026,кантонская выставка 2026 весна
2026-06-04,поездка на выставку,поездка на выставку в китай
2026-06-04,поездка на выставку,высоцкий поездка на выставку
2026-06-04,поездка на выставку,поездка на кантонскую выставку
2026-06-04,поездка на выставку,поездка на выходные из минска
2026-06-04,поездка на выставку,поездка на выходные в питер
2026-06-04,поездка на выставку,поездка на воздушном шаре минск
2026-06-04,поездка на выставку,выставка минск
2026-06-04,поездка на выставку,поездки на выходные по беларуси
2026-06-04,авиабилеты юр,авиабилеты hisky
2026-06-04,авиабилеты юр,авиабилеты рэп
2026-06-04,авиабилеты юр,авиабилеты hainan airlines
2026-06-04,авиабилеты юр,авиабилеты high sky
2026-06-04,авиабилеты юр,авиабилеты humo air
2026-06-04,авиабилеты юр,авиабилеты юридическим лицам
2026-06-04,авиабилеты юр,авиабилеты юрга
2026-06-04,авиабилеты юр,купить авиабилеты юридическому лицу
2026-06-04,авиабилеты юр,купить авиабилеты hisky
2026-06-04,авиабилеты юр,havo yo'llari авиабилеты узбекистан
2026-06-04,авиабилеты юр,hopper авиабилеты
2026-06-04,авиабилеты юр,ht kz авиабилеты
2026-06-04,авиабилеты юр,yerevan hamburg авиабилеты
